<?xml version="1.0"?>

<!-- ocrengine.xml EXAMPLE CONFIGURATION -->

<ocrengine xmlns:xsi="http://www.w3.org/2001/XMLSchema-instance"
       xsi:noNamespaceSchemaLocation="ocrengine.xsd">

  <dictionaries>
    <name_dictionary        path="dictionaries/name.dict"/>
    <name_trigrams          path="triadonaries/name.trigrams.trimpb"/>
    <surname_dictionary     path="dictionaries/surname.dict"/>
    <six_digits_dictionary  path="dictionaries/six_digits.pb"/>
    <sc_an_rules_dictionary path="dictionaries/sc_an_rules.txt"/>
  </dictionaries>

  <recognizers>
    <bigdig recognizer_path="ocrengine/bigdig_recognizer_packed.pb"
            highlight_path="ocrengine/bigdig_highlight.pb"
            rescaler_path="ocrengine/bigdig_rescaler.txt"
            firstpass_highlight_path="ocrengine/bigdig_highlight.pb" />
    <smalldig recognizer_path="ocrengine/smalldig_recognizer_packed.pb"
              firstpass_recognizer_path="ocrengine/smalldig_recognizer_3_packed.pb"
              highlight_path="ocrengine/smalldig_highlight.pb"
              firstpass_highlight_path="ocrengine/smalldig_highlight.pb" />
    <smallsymdig recognizer_path="ocrengine/smallsymdig_recognizer_packed.pb"
                 highlight_path="ocrengine/smalldig_highlight.pb"
                 firstpass_recognizer_path="ocrengine/double_sym_recognizer_intpacked.pb"
                 firstpass_highlight_path="ocrengine/smalldig_highlight.pb" />
    <smalltext recognizer_path="ocrengine/smallsym_recognizer_intpacked.pb"
               highlight_path="ocrengine/smallsym_highlight.pb"
               firstpass_recognizer_path="ocrengine/smallsym_recognizer_fp_intpacked.pb"
               rescaler_path="ocrengine/smallsym_rescaler.txt" />
    <ump_dig recognizer_path="ocrengine/ump_digits_recognizer_intpacked.pb"
             highlight_path="ocrengine/smallsym_highlight.pb" />
    <ump_text recognizer_path="ocrengine/ump_symbols_recognizer_intpacked.pb"
              highlight_path="ocrengine/smallsym_highlight.pb" />
    <ump_sgm_name recognizer_path="ocrengine/ump_sgm_recognizer_intpacked.pb"
                  highlight_path="ocrengine/smalldig_highlight.pb" />
    <cvv_digits recognizer_path="ocrengine/cvv_digits_intpacked.pb"
                highlight_path="ocrengine/smalldig_highlight.pb" />

  </recognizers>

  <settings>
    <logo_analysis apply="true">
      <detectors>
        <unit data="detectors/visa1_41x21.pb" label="visa"/>
        <unit data="detectors/visa2_41x21.pb" label="visa"/>
        <unit data="detectors/mc_41x25.pb" label="mc"/>
        <unit data="detectors/discover1a_101x19.pb" label="discover"/>
        <unit data="detectors/discover1b_117x21.pb" label="discover"/>
        <unit data="detectors/discover2_37x23.pb" label="discover2"/>
        <unit data="detectors/dc_75x21.pb" label="dc"/>
      </detectors>
    </logo_analysis>

    <average_bad_chars_in_number_discard_threshold>0.5</average_bad_chars_in_number_discard_threshold>
    <fast_findcard_config_path>card_detector/fast_findcard_config.xml</fast_findcard_config_path>
    <selector_config_path>ic-cfg/print-type.json</selector_config_path>
    <russian_recognizer_config_path>ic-cfg/indent_card_config.json</russian_recognizer_config_path>
    <logo_flashed_char_count>4</logo_flashed_char_count>
    <logo_flashed_char_multiplier>1.5</logo_flashed_char_multiplier>
    <upturned_card_detection>false</upturned_card_detection>
    <check_china_union_pay_luhn_code>false</check_china_union_pay_luhn_code>
    <check_starbucks>true</check_starbucks>
    <check_ump>true</check_ump>
    <integrate_rejected_results>true</integrate_rejected_results>
    <num_of_quadrangles_to_process>1</num_of_quadrangles_to_process>
    <expiry_recognition           recognize="true" apply_context="true"/>
    <name_recognition             recognize="true" apply_context="true"/>
    <number_recognition           recognize="true" apply_context="true"/>
    <uk_sc_an_recognition         recognize="true" apply_context="true"/>
    <raw_second_line_recognition  recognize="false" apply_context="true"/>
    <cvv_recognition              recognize="false" apply_context="true"/>
    <focus_threshold>85</focus_threshold>
    <intensity_threshold>70</intensity_threshold>
    <misc_context_rules>
      <expiry_min_year>0</expiry_min_year>
      <expiry_max_year>29</expiry_max_year>
    </misc_context_rules>
  </settings>

</ocrengine>
