﻿<?xml version="1.0"?>
<!--
Copyright (c) 2012-2014, Smart Engines Ltd
All rights reserved.

Redistribution and use in source and binary forms, with or without modification,
are permitted provided that the following conditions are met:

    * Redistributions of source code must retain the above copyright notice,
      this list of conditions and the following disclaimer.
    * Redistributions in binary form must reproduce the above copyright notice,
      this list of conditions and the following disclaimer in the documentation
      and/or other materials provided with the distribution.
    * Neither the name of the Smart Engines Ltd nor the names of its
      contributors may be used to endorse or promote products derived from this
      software without specific prior written permission.

THIS SOFTWARE IS PROVIDED BY THE COPYRIGHT HOLDERS AND CONTRIBUTORS "AS IS" AND
ANY EXPRESS OR IMPLIED WARRANTIES, INCLUDING, BUT NOT LIMITED TO, THE IMPLIED 
WARRANTIES OF MERCHANTABILITY AND FITNESS FOR A PARTICULAR PURPOSE ARE 
DISCLAIMED. IN NO EVENT SHALL THE COPYRIGHT OWNER OR CONTRIBUTORS BE LIABLE 
FOR ANY DIRECT, INDIRECT, INCIDENTAL, SPECIAL, EXEMPLARY, OR CONSEQUENTIAL 
DAMAGES (INCLUDING, BUT NOT LIMITED TO, PROCUREMENT OF SUBSTITUTE GOODS OR 
SERVICES; LOSS OF USE, DATA, OR PROFITS; OR BUSINESS INTERRUPTION) HOWEVER 
CAUSED AND ON ANY THEORY OF LIABILITY, WHETHER IN CONTRACT, STRICT LIABILITY, 
OR TORT (INCLUDING NEGLIGENCE OR OTHERWISE) ARISING IN ANY WAY OUT OF THE USE 
OF THIS SOFTWARE, EVEN IF ADVISED OF THE POSSIBILITY OF SUCH DAMAGE.
-->

<!-- Legend for the syntax

'@' - Alpha
'#' - Digit
' ' - space ('<')
'?' - space or digit
'$' - space or alpha
'^' - alpha or digit
'*' - anything
another symbol - itself
-->

<field_syntax_restrictions xmlns:xsi="http://www.w3.org/2001/XMLSchema-instance"
       xsi:noNamespaceSchemaLocation="field_syntax_restrictions.xsd">
  <syntaxes_for_one_field field_name="DocNum">
    <syntaxes_for_some_docsubtypes>
      <docsubtype>inopassport</docsubtype>
      <forbid_O_letters>false</forbid_O_letters>
      <syntaxes_for_countries>
        <syntax_for_country country="D  " syntax="#########"/>
        <syntax_for_country country="D  " syntax="@********"/>
        <syntax_for_country country="NLD" syntax="@^^^^^^^^"/>
        <syntax_for_country country="RUS" syntax="#########"/>
        <syntax_for_country country="GBR" syntax="#########"/>
        <syntax_for_country country="COL" syntax="@@???????"/>
        <syntax_for_country country="USA" syntax="#########"/>
        <syntax_for_country country="USA" syntax="@####### "/>
        <syntax_for_country country="PAK" syntax="@@#######"/>
        <syntax_for_country country="CHN" syntax="^^#######"/>
        <syntax_for_country country="TWN" syntax="#########"/>
        <syntax_for_country country="FRA" syntax="##@@#####"/>
        <syntax_for_country country="ESP" syntax="^********"/>
      </syntaxes_for_countries>
    </syntaxes_for_some_docsubtypes>
    <syntaxes_for_some_docsubtypes>
      <docsubtype>mrv_b</docsubtype>
      <forbid_O_letters>true</forbid_O_letters>
      <syntaxes_for_countries>
        <syntax_for_country country="AUT" syntax="A########"/>
        <syntax_for_country country="AUT" syntax="#########"/>
        <syntax_for_country country="CHE" syntax="CHE######"/>
        <syntax_for_country country="CHE" syntax="#########"/>
        <syntax_for_country country="CYP" syntax="CY#######"/>
        <syntax_for_country country="CYP" syntax="#########"/>
        <syntax_for_country country="CZE" syntax="CZ#######"/>
        <syntax_for_country country="CZE" syntax="EB#######"/>
        <syntax_for_country country="CZE" syntax="#########"/>
        <syntax_for_country country="D  " syntax="D########"/>
        <syntax_for_country country="D  " syntax="#########"/>
        <syntax_for_country country="FRA" syntax="F########"/>
        <syntax_for_country country="FRA" syntax="#########"/>
        <syntax_for_country country="ITA" syntax="I########"/>
        <syntax_for_country country="ITA" syntax="#########"/>
        <syntax_for_country country="PRT" syntax="P########"/>
        <syntax_for_country country="PRT" syntax="#########"/>
        <syntax_for_country country="LVA" syntax="#########"/>
        <syntax_for_country country="FIN" syntax="#######??"/>
        <syntax_for_country country="ESP" syntax="^^^??????"/>
        <syntax_for_country country="ISL" syntax="^^^??????"/>
      </syntaxes_for_countries>
    </syntaxes_for_some_docsubtypes>
    <syntaxes_for_some_docsubtypes>
      <docsubtype>id_france</docsubtype>
      <forbid_O_letters>false</forbid_O_letters>
      <syntaxes_for_countries>
        <syntax_for_country country="FRA" syntax="####***#####"/>
      </syntaxes_for_countries>
    </syntaxes_for_some_docsubtypes>
    <syntaxes_for_some_docsubtypes>
      <docsubtype>td_1</docsubtype>
      <forbid_O_letters>false</forbid_O_letters>
      <syntaxes_for_countries>
        <syntax_for_country country="USA" syntax="#########" checksum_weight="0"/>
        <syntax_for_country country="MEX" syntax="#########" checksum_weight="0"/>
        <syntax_for_country country="MLT" syntax="#######??"/>
      </syntaxes_for_countries>
    </syntaxes_for_some_docsubtypes>
    <syntaxes_for_some_docsubtypes>
      <docsubtype>td_2</docsubtype>
      <forbid_O_letters>false</forbid_O_letters>
      <syntaxes_for_countries>
        <syntax_for_country country="D  " syntax="#########" checksum_weight="1"/>
      </syntaxes_for_countries>
    </syntaxes_for_some_docsubtypes>
  </syntaxes_for_one_field>
  <syntaxes_for_one_field field_name="OptData">
    <syntaxes_for_some_docsubtypes>
      <docsubtype>mrv_b</docsubtype>
      <forbid_O_letters>true</forbid_O_letters>
      <syntaxes_for_countries>
        <syntax_for_country country="FRA" syntax=" M######"/>
        <syntax_for_country country="FRA" syntax=" #######"/>
        <syntax_for_country country="CHE" syntax=" M######"/>
        <syntax_for_country country="CHE" syntax=" #######"/>
        <syntax_for_country country="CZE" syntax="********"/>
        <syntax_for_country country="CZE" syntax=" M######"/>
        <syntax_for_country country="CZE" syntax=" #######"/>
        <syntax_for_country country="D  " syntax=" M######"/>
        <syntax_for_country country="D  " syntax=" #######"/>
        <syntax_for_country country="ITA" syntax=" M######"/>
        <syntax_for_country country="ITA" syntax=" #######"/>
        <syntax_for_country country="AUT" syntax=" M######"/>
        <syntax_for_country country="AUT" syntax=" #######"/>
        <syntax_for_country country="ESP" syntax=" M######"/>
        <syntax_for_country country="ESP" syntax=" #######"/>
        <syntax_for_country country="FIN" syntax=" M######"/>
        <syntax_for_country country="FIN" syntax=" #######"/>
        <syntax_for_country country="ISL" syntax=" M######"/>
        <syntax_for_country country="ISL" syntax=" #######"/>        
      </syntaxes_for_countries>
    </syntaxes_for_some_docsubtypes>
    <syntaxes_for_some_docsubtypes>
      <docsubtype>inopassport</docsubtype>
      <forbid_O_letters>false</forbid_O_letters>
      <syntaxes_for_countries>
        <!-- template allowed for all countries -->
        <syntax_for_country country=""    syntax="              "/>  

        <syntax_for_country country="PAK" syntax="############# "/>
        <syntax_for_country country="RUS" syntax="############# "/>
        <syntax_for_country country="USA" syntax="######### ####"/>
        <syntax_for_country country="ISR" syntax="# ####### #   "/>
      </syntaxes_for_countries>
    </syntaxes_for_some_docsubtypes>
    <syntaxes_for_some_docsubtypes>
      <docsubtype>natipassport</docsubtype>
      <syntaxes_for_countries>
        <syntax_for_country country="RUS" syntax="############# "/>
      </syntaxes_for_countries>
    </syntaxes_for_some_docsubtypes>
    <syntaxes_for_some_docsubtypes>
      <docsubtype>td_1</docsubtype>
      <forbid_O_letters>false</forbid_O_letters>
      <syntaxes_for_countries>
        <syntax_for_country country="MLT" syntax="#######     #######M ###  "/>
      </syntaxes_for_countries>
    </syntaxes_for_some_docsubtypes>
    <syntaxes_for_some_docsubtypes>
      <docsubtype>id_france</docsubtype>
      <forbid_O_letters>false</forbid_O_letters>
      <syntaxes_for_countries>
        <syntax_for_country country="FRA" syntax="######"/>
        <syntax_for_country country="FRA" syntax="##@###"/>
        <syntax_for_country country="FRA" syntax="      "/>
        <syntax_for_country country="FRA" syntax="@@@###"/>
        <syntax_for_country country="FRA" syntax="#@####"/>
        <syntax_for_country country="FRA" syntax="##@###"/>
      </syntaxes_for_countries>
    </syntaxes_for_some_docsubtypes>
  </syntaxes_for_one_field>
  <syntaxes_for_one_field field_name="CompositeCheckDigit">
    <syntaxes_for_some_docsubtypes>
      <docsubtype>td_1</docsubtype>
      <syntaxes_for_countries>
        <syntax_for_country country="USA" syntax="*" checksum_weight="0"/>
        <syntax_for_country country="MEX" syntax="*" checksum_weight="0"/>
        <syntax_for_country country="MLT" syntax="*" checksum_weight="0"/>
        <syntax_for_country country="ESP" syntax="*" checksum_weight="0"/>
        <syntax_for_country country="ITA" syntax="*" checksum_weight="0"/>
      </syntaxes_for_countries>
    </syntaxes_for_some_docsubtypes>
  </syntaxes_for_one_field>
</field_syntax_restrictions>
