{
  "refinder_config": "refinder_config.json",
  "geometry": {
    "card_width": 856,
    "card_height": 540,
    "cardscale_param": 1.0
  },

  "recognition_settings": {
    "number_recognize": true,
    "expdate_recognize": true,
    "name_recognize": true
  },

  "context_settings": {
    "number": true,
    "expdate": true,
    "name": false
  },

  "highlight_settings": {
    "number": "recognizers/bigdig_highlight.pb",
    "expdate": "recognizers/smalldig_highlight.pb",
    "name": "recognizers/smallsym_highlight.pb"
  },

  "selector_config": "print-type.json",

  "forms": {
    "indent": {
      "recognizers": {
        "number": "recognizers/indent_dig_intpacked.pb",
        "expiry": "recognizers/indent_dig_intpacked.pb",
        "name": "recognizers/indent_sym.pb"
      },
      "field_positions": {
        "number": [0, 265, 856, 110],
        "small_text": [30, 385, 620, 155]
      },
      "fonts": {
        "large": {
          "height": 58,
          "width": 36,
          "ver_gap": 0.17
        },
        "small": {
          "height": 39,
          "width": 25,
          "ver_gap": 0.17
        }
      }
    }
  } 

}