{
  "general": {
    "variants_per_form": 1,
    "variants_per_result": 1,
    "forms": [
      {
        "form_type": "contour",
        "pins_type": "point",
        "pins": [ [0.0, 0.0, 0.2, 0.3], [0.8, 0.0, 0.2, 0.3],
                  [0.8, 0.7, 0.2, 0.3], [0.0, 0.7, 0.2, 0.3] ]
      }
    ],
    "details": "",
    "scaled_image_width": 240

  },
  "line_detection": {
    "gradient_threshold": 1,
    "lines_count": 2,
    "use_components": true,
    "vehicle": false
  },
  "selector": {
    "focal_length": 0.932,
    "corner_threshold": 17.0,
    "angle_threshold": 4.0,
    "ratio_threshold": 0.1,
    "expected_size": [856, 540]
  }

}