{
  "aspect_ratio_threshold": 0.025, 
  "contrast_high_level": 0.95, 
  "contrast_low_level": 0.05, 
  "contrast_threshold": 70, 
  "downscale": {
    "height": 240, 
    "width": 320
  }, 
  "focal_length": 0.932, 
  "gradient_level": 0.9, 
  "line_breaks_threshold_horizontal": 8, 
  "line_breaks_threshold_vertical": 6, 
  "line_detector": {
    "gradient_threshold": 7.5, 
    "presmoothing_along_sigma": 1.0, 
    "presmoothing_aross_sigma": 1.0, 
    "smoothing_across_sigma": 1.0,
    "lines_count": 1,
	"edges_post_processing": false
  }, 
  "line_neighbourhood_width": 5, 
  "pre_adaptation_factor": 1.0, 
  "pre_edge_magnitude_high_threshold": 90.0, 
  "pre_edge_magnitude_high_threshold_dark": 30.0, 
  "pre_edge_magnitude_low_threshold": 50.0, 
  "pre_edge_magnitude_low_threshold_dark": 10.0, 
  "pre_gray_level_lower_bound": 30.0, 
  "pre_gray_level_reject_bound": 20.0, 
  "pre_gray_level_upper_bound": 100.0, 
  "pre_sobel_fraction_lower_threshold": 0.03, 
  "pre_variation_lower_bound": 1400.0, 
  "quality_presmooth_x": 0.0, 
  "quality_presmooth_y": 0.0, 
  "quality_threshold": 0.15, 
  "rectified_card_height": 540, 
  "rectified_card_width": 856, 
  "reject_by_preliminary_quality": true, 
  "roi": {
    "bottom_margin": 0.138, 
    "horizontal_deviation": 0.043, 
    "left_margin": 0.0675, 
    "right_margin": 0.0675, 
    "top_margin": 0.138, 
    "vertical_deviation": 0.054
  }, 
  "run_preliminary_quality_evaluation": true, 
  "source_angle_difference_threshold": 3.0, 
  "thresholds": {
    "bottom_line_weight": 35, 
    "left_line_weight": 35, 
    "right_line_weight": 35, 
    "top_line_weight": 35
  }
}